{
	"format_version": "1.8.0",
	"animations": {
		"animation.entity.shadow2": {
			"loop": true,
			"animation_length": 2,
			"override_previous_animation": true,
			"bones": {
				"head": {
					"rotation": {
						"0.0": [
							0,
							0,
							0
						],
						"0.5": [
							12.5,
							0,
							0
						],
						"1.5": [
							0,
							0,
							0
						],
						"2.0": [
							12.5,
							0,
							0
						]
					}
				},
				"leftArm": {
					"rotation": {
						"0.0": [
							-95.12076,
							12.45167,
							-1.10693
						],
						"0.5": [
							-100.23772,
							12.3071,
							-2.20462
						],
						"1.5": [
							-95.12076,
							12.45167,
							-1.10693
						],
						"2.0": [
							-100.23772,
							12.3071,
							-2.20462
						]
					}
				},
				"rightArm": {
					"rotation": {
						"0.0": [
							-95.12076,
							-12.45167,
							1.10693
						],
						"0.5": [
							-102.79362,
							-12.19908,
							2.74715
						],
						"1.5": [
							-95.12076,
							-12.45167,
							1.10693
						],
						"2.0": [
							-102.79362,
							-12.19908,
							2.74715
						]
					}
				},
				"leftLeg": {
					"rotation": {
						"0.0": [
							32.5,
							0,
							0
						],
						"0.5": [
							-32.5,
							0,
							0
						],
						"1.0": [
							32.5,
							0,
							0
						],
						"1.5": [
							-32.5,
							0,
							0
						],
						"2.0": [
							32.5,
							0,
							0
						]
					}
				},
				"rightLeg": {
					"rotation": {
						"0.0": [
							-32.5,
							0,
							0
						],
						"0.5": [
							32.5,
							0,
							0
						],
						"1.0": [
							-32.5,
							0,
							0
						],
						"1.5": [
							32.5,
							0,
							0
						],
						"2.0": [
							-32.5,
							0,
							0
						]
					}
				}
			}
		}
	}
}