{
	"format_version": "1.8.0",
	"animations": {
		"animation.player.shadow1": {
			"loop": "hold_on_last_frame",
			"animation_length": 1.0,
			"override_previous_animation": true,
			"bones": {
				"root": {
					"position": {
						"0.0": [
							0,
							-4,
							0
						],
						"0.025": [
							0,
							-4,
							0
						]
					}
				},
				"waist": {
					"rotation": {
						"0.0": [
							30.0255974,
							-20.94488,
							-25.55974
						],
						"0.025": [
							58.05974,
							-20.94488,
							-25.55974
						]
					}
				},
				"leftArm": {
					"rotation": {
						"0.0": [
							10,
							0,
							-42.5
						],
						"0.025": [
							10,
							0,
							-42.5
						]
					}
				},
				"rightArm": {
					"rotation": {
						"0.0": [
							-54.5913,
							33.52043,
							1.16182
						],
						"0.025": [
							-54.5913,
							33.52043,
							1.16182
						]
					},
					"position": {
						"0.0": [
							1,
							-1,
							-3
						],
						"0.025": [
							1,
							-1,
							-3
						]
					}
				},
				"leftLeg": {
					"rotation": {
						"0.0": [
							-25.20417,
							-14.32728,
							-7.10219
						],
						"0.025": [
							-25.20417,
							-14.32728,
							-7.10219
						]
					},
					"position": {
						"0.0": [
							1,
							1,
							-2
						],
						"0.025": [
							1,
							1,
							-2
						]
					}
				},
				"rightLeg": {
					"rotation": {
						"0.0": [
							57.37954,
							-27.5502,
							-7.48246
						],
						"0.025": [
							57.37954,
							-27.5502,
							-7.48246
						]
					},
					"position": {
						"0.0": [
							0,
							-1,
							-3
						],
						"0.025": [
							0,
							-1,
							-3
						]
					}
				}
			}
		}
	}
}