{
	"format_version": "1.8.0",
	"animations": {
		"animation.daimyo.ai.attack1": {
			"loop": true,
			"override_previous_animation": true
		},
		"animation.daimyo.ai.hold": {
			"loop": true,
			"override_previous_animation": true,
			"bones": {
				"root": {
					"rotation": [0, 62, 0],
					"position": [0, -1.3, 0]
				},
				"waist": {
					"rotation": [-3.22152, 9.93148, -1.5425]
				},
				"body": {
					"rotation": [7.67995, 12.39135, 1.6575]
				},
				"head": {
					"rotation": [10.62155, -76.94966, -3.26481]
				},
				"leftArm": {
					"rotation": [-108.28123, 7.37464, -19.53129],
					"position": [-3.77945, 1.04274, -3.80612]
				},
				"leftForearm": {
					"rotation": [-35.62758, 19.6835, -3.61644]
				},
				"rightArm": {
					"rotation": [-88.61781, -9.79142, 14.1505],
					"position": [0, 2, -1.8]
				},
				"rightForearm": {
					"rotation": [-102.66955, 1.29256, -14.94548]
				},
				"rightItem": {
					"rotation": [10, 0, 0]
				},
				"rightLeg": {
					"rotation": [-32.1822, 35.72897, 9.77065],
					"position": [-0.70636, 0, 0.37558]
				},
				"rightShank": {
					"rotation": [37.5, 0, 0]
				},
				"leftLeg": {
					"rotation": [-19.02696, -48.33142, -18.37993]
				},
				"leftShank": {
					"rotation": [47.5, 0, 0]
				}
			}
		}
	}
}