{
	"format_version": "1.8.0",
	"animations": {
		"animation.posture.right.stand": {
			"loop": true,
			"bones": {
				"root": {
					"rotation": [0, 50, 0],
					"position": [0, -0.8, 0]
				},
				"rightLeg": {
					"rotation": [-17.50964, -0.2063, 15.07005]
				},
				"rightShank": {
					"rotation": [27.5, 0, 0]
				},
				"leftLeg": {
					"rotation": [-19.60105, -25.97807, -12.79623],
					"position": [0, 0, 0]
				},
				"leftShank": {
					"rotation": [27.5, 0, 0]
				}
			}
		},
		"animation.posture.right.walk_front": {
			"loop": true,
			"animation_length": 1,
			"bones": {
				"root": {
					"rotation": {
						"0.0": [0, 50, 0],
						"0.0833": [0, 50, 0],
						"0.1667": [0, 50, 0],
						"0.25": [0, 50, 0],
						"0.4167": [0, 50, 0],
						"0.5833": [0, 50, 0],
						"0.6667": [0, 50, 0],
						"0.8333": [0, 50, 0],
						"0.9167": [0, 50, 0],
						"1.0": [0, 50, 0]
					},
					"position": {
						"0.0": [0, -0.8, 0],
						"0.0833": [0, -0.8, -0.74],
						"0.1667": [0, -0.8, -0.93],
						"0.25": [0, -0.8, -0.5],
						"0.4167": [0, -0.8, -0.07],
						"0.5833": [0, -0.8, -0.26],
						"0.6667": [0, -0.8, -1],
						"0.8333": [0, -0.8, -0.74],
						"0.9167": [0, -0.8, -0.26],
						"1.0": [0, -0.8, 0]
					}
				},
				"rightLeg": {
					"rotation": {
						"0.0": [-17.51, -0.21, 15.07],
						"0.0833": [-14.65, -1.44, 20.37],
						"0.1667": [-24.05, -2.46, 11.79],
						"0.25": [-41.67, -2.83, -8.18],
						"0.4167": [-37.71, 0.32, -19.71],
						"0.5833": [-33.64, 3.41, -19.63],
						"0.6667": [-32.23, 5.21, -9.49],
						"0.8333": [-25.66, 4.14, -1.65],
						"0.9167": [-20.33, 2.07, 6.85],
						"1.0": [-17.51, -0.21, 15.07]
					}
				},
				"rightShank": {
					"rotation": {
						"0.0": [27.5, 0, 0],
						"0.0833": [26.3, 0, 0],
						"0.1667": [32.96, 0, 0],
						"0.25": [42.5, 0, 0],
						"0.4167": [22.59, 0, 0],
						"0.5833": [17.41, 0, 0],
						"0.6667": [30, 0, 0],
						"0.8333": [30.74, 0, 0],
						"0.9167": [29.26, 0, 0],
						"1.0": [27.5, 0, 0]
					}
				},
				"leftLeg": {
					"rotation": {
						"0.0": [-19.6, -25.98, -12.8],
						"0.0833": [-21.55, -33.49, -12.41],
						"0.1667": [-16.34, -35.49, -10.11],
						"0.25": [-3.37, -31.54, -5.64],
						"0.4167": [8.54, -33.54, 0.03],
						"0.5833": [16.22, -38.73, -0.25],
						"0.6667": [15.11, -43.53, -6.65],
						"0.8333": [-13.39, -33.15, -13.41],
						"0.9167": [-26.29, -25.97, -15.43],
						"1.0": [-19.6, -25.98, -12.8]
					},
					"position": {
						"0.0": [0, 0, 0],
						"0.0833": [0, 0, 0],
						"0.1667": [0, 0, 0],
						"0.25": [0, 0, 0],
						"0.4167": [0, 0, 0],
						"0.5833": [0, 0, 0],
						"0.6667": [0, 0, 0],
						"0.8333": [0, 0, 0],
						"0.9167": [0, 0, 0],
						"1.0": [0, 0, 0]
					}
				},
				"leftShank": {
					"rotation": {
						"0.0": [27.5, 0, 0],
						"0.0833": [37.62, 0, 0],
						"0.1667": [44.2, 0, 0],
						"0.25": [43.33, 0, 0],
						"0.4167": [37.04, 0, 0],
						"0.5833": [32.81, 0, 0],
						"0.6667": [32.5, 0, 0],
						"0.8333": [36.7, 0, 0],
						"0.9167": [34.35, 0, 0],
						"1.0": [27.5, 0, 0]
					}
				}
			}
		}
	}
}