{
	"format_version": "1.8.0",
	"animations": {
		"animation.weapon.spear.hold": {
			"loop": "hold_on_last_frame",
			"override_previous_animation": true,
			"bones": {
				"rightArm": {
					"rotation": [2.5, 0, 0]
				},
				"rightForearm": {
					"rotation": [-102.5, 0, 0]
				},
				"rightItem": {
					"rotation": [0, 0, 0],
					"position": [0, 0, 12]
				}
			}
		},
		"animation.weapon.spear.run": {
			"loop": true,
			"override_previous_animation": true,
			"bones": {
				"waist": {
					"rotation": [18.11321, 33.64409, 10.27206],
					"position": [0, 0, 0]
				},
				"leftArm": {
					"rotation": [-47.47282, 1.84293, 1.68956],
					"position": [-2, 0, 0]
				},
				"leftForearm": {
					"rotation": [-13.06431, 7.43547, 29.14743]
				},
				"rightArm": {
					"rotation": [27.19082, -33.56148, 4.80175],
					"position": [1, 0, 0]
				},
				"rightForearm": {
					"rotation": [-72.5, 0, 0]
				},
				"rightItem": {
					"rotation": [30.09468, -4.32875, -2.50477],
					"position": [-0.17457, -1.98081, 1.7508]
				}
			}
		},
		"animation.weapon.spear.stab": {
			"loop": "hold_on_last_frame",
			"animation_length": 0.75,
			"override_previous_animation": true,
			"bones": {
				"root": {
					"rotation": {
						"0.0": [0, 32.5, 0],
						"0.2083": [0, 62.5, 0],
						"0.4583": [0, 65, 0]
					}
				},
				"waist": {
					"rotation": {
						"0.0": [22.58596, 9.86756, 1.98593],
						"0.125": [33.93064, 25.65062, 5.25595],
						"0.25": [11.96989, -7.45217, 0.7496],
						"0.4583": [16.70172, -52.25617, -7.50921]
					},
					"position": {
						"0.0": [2, -2, 1],
						"0.125": [2, -0.5, 0.5],
						"0.4583": [2, -1, 0]
					}
				},
				"leftArm": {
					"rotation": {
						"0.0": [-47.47282, 1.84293, 1.68956],
						"0.125": [-36.1693, -13.11546, 6.61133],
						"0.4583": [-56.4908, -6.38607, 77.63662]
					},
					"position": {
						"0.0": [-2, 0, 0],
						"0.4583": [-2, -0.1, -3.8]
					}
				},
				"leftForearm": {
					"rotation": {
						"0.0": [355.77423, -1.84908, 370.58128],
						"0.2083": [352.87615, 6.68203, 388.69726],
						"0.4583": [362.50881, 5.01324, 357.72334]
					},
					"position": {
						"0.0": [-0.5, 0.75, 0],
						"0.2083": [0.19, 0.75, 0.03],
						"0.4583": [-0.25, -0.25, -0.15]
					}
				},
				"rightArm": {
					"rotation": {
						"0.0": [27.19082, -33.56148, 4.80175],
						"0.2083": [11.09097, -45.71697, 40.87523],
						"0.4583": [-37.99251, -17.60668, 10.10604]
					},
					"position": {
						"0.0": [1, 0, 0],
						"0.2083": [-0.5, 0, 0.5],
						"0.4583": [1.5, 0, 0.5]
					}
				},
				"rightForearm": {
					"rotation": {
						"0.0": [-72.5, 0, 0],
						"0.125": [-17.5, 0, 0],
						"0.4583": [-30, 0, 0]
					},
					"position": [0, 0.75, -0.5]
				},
				"rightItem": {
					"rotation": {
						"0.0": [30.09468, -4.32875, -2.50477],
						"0.125": [-32.40532, -4.32875, -2.50477],
						"0.25": [-8.77282, -2.64406, -1.34203],
						"0.4583": [55.65752, 6.60938, 7.26459]
					},
					"position": [0.04575, -3.63193, -0.86246]
				},
				"rightLeg": {
					"rotation": {
						"0.0": [-7.5, 0, 10],
						"0.125": [15.98485, -2.15238, 22.1796],
						"0.4583": [-29.05828, -59.40183, 5.31857]
					},
					"position": {
						"0.125": [1.2, -1, 0.85],
						"0.4583": [3, -0.5, -1.5]
					}
				},
				"rightShank": {
					"rotation": {
						"0.0": [17.5, 0, 0],
						"0.125": [22.74454, 0.96708, -2.30549],
						"0.4583": [22.5, 0, 0]
					}
				},
				"leftLeg": {
					"rotation": {
						"0.0": [-5, 0, -17.5],
						"0.125": [3.98558, 9.05062, -8.35908],
						"0.4583": [45.25269, -49.52053, -22.45554]
					},
					"position": {
						"0.125": [1.5, -1, -1.25],
						"0.4583": [1.5, -1, 0.75]
					}
				},
				"leftShank": {
					"rotation": {
						"0.0": [20, 0, 0],
						"0.125": [2.3248, -1.72338, 9.85187],
						"0.25": [0, 0, 0],
						"0.4583": [0, 0, 0]
					},
					"position": [0, 0, 0]
				},
				"body": {
					"rotation": [0, -12.5, 0]
				},
				"head": {
					"rotation": [0, -17.5, 0]
				}
			}
		},
		"animation.weapon.spear.attack": {
			"animation_length": 0.75,
			"bones": {
				"waist": {
					"rotation": {
						"0.0": [-2.5, 5, 0],
						"0.25": [7.5, 70, 0],
						"0.5": [10.76969, -22.21804, -3.23348],
						"0.75": [9.96157, -0.07557, 0.86718]
					}
				},
				"body": {
					"rotation": {
						"0.25": [0, -7.5, 0],
						"0.5": [0, -7.5, 0]
					}
				},
				"head": {
					"rotation": {
						"0.0": [10, 0, 0],
						"0.25": [15.1008, -7.14954, -2.37402],
						"0.5": [14.99534, 2.50919, 0.22133]
					}
				},
				"leftArm": {
					"rotation": {
						"0.0": [-7.43656, -0.9762, -7.43656],
						"0.25": [-42.38733, -1.29876, -9.91615],
						"0.5": [37.837, 9.73401, -15.76829]
					}
				},
				"leftForearm": {
					"rotation": {
						"0.0": [7.62781, -10.69093, 6.68545],
						"0.25": [-25.68482, 10.17781, 30.17393],
						"0.5": [-61.81298, 10.1782, 9.8508]
					}
				},
				"rightArm": {
					"rotation": {
						"0.0": [-37.5, 0, 0],
						"0.25": [5.01677, -18.21532, 83.238],
						"0.5": [-66.76844, 16.57411, 7.66101]
					}
				},
				"rightForearm": {
					"rotation": {
						"0.25": [-5.06405, -7.45704, -21.84185],
						"0.5": [-17.07014, -5.59278, -4.3263]
					}
				},
				"rightItem": {
					"rotation": {
						"0.0": [-10.15108, -9.84655, 1.75378],
						"0.125": [-10, 0, 0],
						"0.25": [18.737, -11.64065, -3.1818],
						"0.5": [65.03573, 0.81806, -0.29746]
					},
					"position": {
						"0.125": [0, -1, 9],
						"0.5": [0, 11, 6]
					 }
					 
				},
				"rightLeg": {
					"rotation": {
						"0.0": [-5.04292, 7.4713, -0.6574],
						"0.25": [2.25867, 17.43127, -1.5741],
						"0.5": [-10.12327, 4.84147, 0.4425]
					}
				},
				"rightShank": {
					"rotation": [12.5, 0, 0]
				},
				"leftLeg": {
					"rotation": {
						"0.0": [-5, -12.5, 0],
						"0.125": [-14.88599, -2.537, -0.86802],
						"0.5": [-0.21803, -2.49048, 0.00474]
					}
				},
				"leftShank": {
					"rotation": [17.5, 0, 0]
				}
			}
		}
	}
}