{
	"format_version": "1.8.0",
	"animations": {
		"animation.twohanded.chop.left": {
			"loop": "hold_on_last_frame",
			"animation_length": 0.5,
			"override_previous_animation": true,
			"bones": {
				"body": {
					"rotation": {
						"0.0833": [0, -42.5, 0],
						"0.1667": [2.60387, 27.49505, 0.24556]
					}
				},
				"rightArm": {
					"rotation": {
						"0.0833": [-185.86544, -28.64481, 63.36789],
						"0.125": [-147.8482, -47.5753, 41.83964],
						"0.1667": [-44.76837, 6.13784, -20.68163]
					},
					"position": {
						"0.0833": [4, 1, -3],
						"0.1667": [1, -1, 0]
					}
				},
				"rightItem": {
					"rotation": {
						"0.0833": [13.85528, -12.81956, 20.7935],
						"0.1667": [45.89156, -36.0282, 22.97243]
					}
				},
				"leftArm": {
					"rotation": {
						"0.0833": [-113.99387, -7.16544, -12.07],
						"0.125": [-97.75299, 15.72201, 13.88076],
						"0.1667": [7.82031, 28.78213, 48.75145]
					},
					"position": {
						"0.0833": [-1, 0, 2],
						"0.125": [-2, -2, 1],
						"0.1667": [-3, 0, -2]
					}
				},
				"rightLeg": {
					"rotation": {
						"0.0833": [-7.5, 2.5, 0],
						"0.1667": [7.5, 2.5, 0]
					},
					"position": {
						"0.0833": [0, 0, -2],
						"0.1667": [0, 0, 2]
					}
				},
				"leftLeg": {
					"rotation": {
						"0.0833": [-1.15923, -45.66854, 0.00038],
						"0.1667": [-7.25511, 3.58359, -0.12049]
					},
					"position": {
						"0.0833": [0, 0, 1],
						"0.1667": [0, 0, -1]
					}
				}
			}
		},
		"animation.twohanded.chop.right": {
			"loop": "hold_on_last_frame",
			"animation_length": 0.5,
			"override_previous_animation": true,
			"bones": {
				"body": {
					"rotation": {
						"0.0833": [0, 37.5, 0],
						"0.1667": [15, -25, 0]
					},
					"position": {
						"0.0833": [0, -1, -2],
						"0.1667": [0, -1, -2]
					}
				},
				"rightArm": {
					"rotation": {
						"0.0833": [-133.09371, 7.19989, 7.58731],
						"0.1667": [0, -22.5, -35]
					},
					"position": {
						"0.0833": [1, 0, 1],
						"0.1667": [3, -1, -4]
					}
				},
				"rightItem": {
					"rotation": {
						"0.0833": [5, 10, 0],
						"0.1667": [9.74264, 26.70157, 28.43835]
					},
					"position": {
						"0.0833": [0, -2, 0],
						"0.1667": [1, -2, 0]
					}
				},
				"leftArm": {
					"rotation": {
						"0.0833": [-30.25221, -57.06842, 134.63736],
						"0.1667": [-17.65221, -8.25999, 14.63264]
					},
					"position": {
						"0.0833": [-2, 0, -5],
						"0.1667": [-1, -1, -1]
					}
				},
				"rightLeg": {
					"rotation": {
						"0.0833": [20.24459, 65.48376, 24.73858],
						"0.1667": [-5, 0, 0]
					},
					"position": {
						"0.0833": [0, 0, -1],
						"0.1667": [-1, 0, -1]
					}
				},
				"leftLeg": {
					"rotation": {
						"0.0833": [-7.20512, -3.0533, -3.66493],
						"0.1667": [10, 0, 0]
					},
					"position": {
						"0.0833": [0, 0, -4],
						"0.1667": [0, 0, 2]
					}
				}
			}
		},
		"animation.twohanded.chop.midline.cast": {
			"loop": "hold_on_last_frame",
			"animation_length": 0.08333,
			"override_previous_animation": true,
			"bones": {
				"rightArm": {
					"rotation": {
						"0.0": [-22.5, 0, -37.5],
						"0.0417": [-86.06969, -31.86967, -5.63725],
						"0.0833": [-150.77682, -13.83677, 29.56976]
					},
					"position": {
						"0.0": [1, 0, -2],
						"0.0833": [1, 4, -1]
					}
				},
				"rightItem": {
					"rotation": {
						"0.0": [8.7943, -14.29093, 34.88417],
						"0.0417": [-6.33686, -5.63922, 36.20352],
						"0.0833": [8.53198, 3.01249, 37.52287]
					},
					"position": {
						"0.0": [0, -1, 0],
						"0.0833": [1, -1, 0]
					}
				},
				"leftArm": {
					"rotation": {
						"0.0": [-20, 0, 37.5],
						"0.0417": [-85.05832, 32.71117, 8.4174],
						"0.0833": [-151.65142, 10.58853, -25.24393]
					},
					"position": {
						"0.0": [-1, 0, -1],
						"0.0833": [-1, 3, -1]
					}
				},
				"rightLeg": {
					"rotation": [2.5, 0, 0]
				},
				"leftLeg": {
					"position": [0, 0, -1]
				}
			}
		},
		"animation.twohanded.chop.midline.draw": {
			"loop": "hold_on_last_frame",
			"animation_length": 0.25,
			"override_previous_animation": true,
			"bones": {
				"body": {
					"rotation": {
						"0.0": [0, 0, 0],
						"0.0833": [10, 0, 0]
					}
				},
				"rightArm": {
					"rotation": {
						"0.0": [-150.77682, -13.83677, 29.56976],
						"0.0417": [-83.29181, -30.58653, -5.96454],
						"0.0833": [-17.77602, -6.81421, -34.43676]
					},
					"position": {
						"0.0": [1, 4, -1],
						"0.0833": [1, 0, -1]
					}
				},
				"rightItem": {
					"rotation": {
						"0.0": [8.53198, 3.01249, 37.52287],
						"0.0417": [21.12445, -3.48827, 33.85775],
						"0.0833": [32.63067, -7.33618, 39.68492]
					},
					"position": [1, -1, 0]
				},
				"leftArm": {
					"rotation": {
						"0.0": [-151.65142, 10.58853, -25.24393],
						"0.0417": [-80.87681, 30.02798, 8.73676],
						"0.0833": [-12.5, 0, 35]
					},
					"position": {
						"0.0": [-1, 3, -1],
						"0.0833": [-1, 0, -1]
					}
				},
				"rightLeg": {
					"rotation": {
						"0.0": [0, 0, 0],
						"0.0833": [-7.5, 0, 0]
					},
					"position": {
						"0.0": [0, 0, 0],
						"0.0833": [0, 0, 1]
					}
				},
				"leftLeg": {
					"rotation": {
						"0.0": [0, 0, 0],
						"0.0833": [10, 0, 0]
					},
					"position": {
						"0.0": [0, 0, 0],
						"0.0833": [0, 0, 2]
					}
				}
			}
		},
		"animation.twohanded.hold": {
			"loop": "hold_on_last_frame",
			"override_previous_animation": true,
			"bones": {
				"body": {
					"scale": 1
				},
				"rightArm": {
					"rotation": [-22.5, 0, -37.5],
					"position": [1, 0, -1]
				},
				"rightItem": {
					"rotation": [8.7943, -14.29093, 34.88417],
					"position": [0, -1, 0]
				},
				"leftArm": {
					"rotation": [-25, 0, 37.5],
					"position": [-1, 0, 0]
				}
			}
		},
		"animation.twohanded.run.onehanded": {
			"loop": "hold_on_last_frame",
			"override_previous_animation": true,
			"bones": {
				"body": {
					"rotation": [10.23772, 12.3071, 2.20462],
					"position": [0, 0, -1]
				},
				"rightArm": {
					"rotation": [-0.1807, -22.88331, 21.2857]
				}
			}
		},
		"animation.twohanded.run.twohanded": {
			"loop": "hold_on_last_frame",
			"override_previous_animation": true,
			"bones": {
				"body": {
					"rotation": [7.61435, 9.91358, 1.31845],
					"position": [0, 0, -1]
				},
				"rightArm": {
					"rotation": [-94.54939, 51.71813, -105.72786],
					"position": [1, 0, 0]
				},
				"rightItem": {
					"rotation": [19.57502, 5.4278, -2.7069]
				},
				"leftArm": {
					"rotation": [-20.03437, -3.73525, 41.50587],
					"position": [-2, 0, -3]
				}
			}
		},
		"animation.twohanded.block.left": {
			"loop": "hold_on_last_frame",
			"override_previous_animation": true,
			"bones": {
				"body": {
					"rotation": [0, -30, 0]
				},
				"rightArm": {
					"rotation": [-34.32661, -33.96551, -103.90008],
					"position": [2, 0, -2]
				},
				"leftArm": {
					"rotation": [-122.26183, -4.55888, 11.20177],
					"position": [-3, -2, 0]
				},
				"rightLeg": {
					"rotation": [-5, -15, 0],
					"position": [0, 0, -2]
				},
				"leftLeg": {
					"rotation": [7.5, -50, 0],
					"position": [0, 0, 1]
				}
			}
		},
		"animation.twohanded.block.right": {
			"loop": "hold_on_last_frame",
			"override_previous_animation": true,
			"bones": {
				"body": {
					"rotation": [0, 37.5, 0]
				},
				"rightArm": {
					"rotation": [-85.42075, 17.66277, 86.05927],
					"position": [1, 0, 2]
				},
				"rightItem": {
					"rotation": [52.60545, 3.04137, 3.9705]
				},
				"leftArm": {
					"rotation": [3.02912, -39.28522, 90.23785],
					"position": [-3, 2, -4]
				},
				"rightLeg": {
					"rotation": [7.5, 40, 0],
					"position": [0, 0, 1]
				},
				"leftLeg": {
					"rotation": [-5, 15, 0],
					"position": [0, 0, -2]
				}
			}
		},
		"animation.twohanded.pry.cast": {
			"loop": "hold_on_last_frame",
			"animation_length": 0.125,
			"override_previous_animation": true,
			"bones": {
				"body": {
					"rotation": {
						"0.0": [0, 0, 0],