{
	"format_version": "1.8.0",
	"animations": {
		"animation.player.eqip.armor": {
			"animation_length": 1.5,
			"bones": {
				"head": {
					"rotation": {
						"0.0": [
							0,
							0,
							0
						],
						"0.25": [
							0,
							20,
							0
						],
						"0.5": [
							25,
							20,
							0
						],
						"0.75": [
							0,
							-20,
							0
						],
						"1.0": [
							25,
							-20,
							0
						],
						"1.5": [
							0,
							0,
							0
						]
					}
				},
				"hat": {
					"rotation": [
						0,
						0,
						0
					]
				},
				"RightArmUp": {
					"rotation": {
						"0.0": [
							0,
							0,
							0
						],
						"0.25": [
							0,
							0,
							55
						],
						"0.5": [
							0,
							0,
							67.5
						],
						"0.75": [
							0,
							0,
							0
						]
					}
				},
				"RightArmDown": {
					"rotation": {
						"0.0": [
							0,
							0,
							0
						],
						"0.5": [
							-30,
							0,
							0
						],
						"0.75": [
							0,
							0,
							0
						]
					}
				},
				"LeftArmUp": {
					"rotation": {
						"0.0": [
							0,
							0,
							0
						],
						"0.75": [
							0,
							0,
							-55
						],
						"1.0": [
							0,
							0,
							-67.5
						],
						"1.5": [
							0,
							0,
							0
						]
					}
				},
				"LeftArmDown": {
					"rotation": {
						"0.0": [
							0,
							0,
							0
						],
						"1.0": [
							-30,
							0,
							0
						],
						"1.5": [
							0,
							0,
							0
						]
					}
				},
				"RightLegUp": {
					"rotation": {
						"0.0": [
							0,
							0,
							0
						],
						"0.5": [
							-63.77456,
							33.14136,
							-8.72973
						],
						"1.0": [
							0,
							0,
							0
						]
					}
				},
				"RightLegDown": {
					"rotation": {
						"0.0": [
							0,
							0,
							0
						],
						"0.5": [
							57.5,
							0,
							0
						],
						"0.75": [
							0,
							0,
							0
						]
					}
				},
				"LeftLegUp": {
					"rotation": {
						"0.0": [
							0,
							0,
							0
						],
						"0.5": [
							0,
							0,
							0
						],
						"1.0": [
							-63.7746,
							-33.1414,
							-8.7297
						],
						"1.5": [
							0,
							0,
							0
						]
					}
				},
				"LeftLegDown": {
					"rotation": {
						"0.0": [
							0,
							0,
							0
						],
						"0.5": [
							0,
							0,
							0
						],
						"1.0": [
							57.5,
							0,
							0
						],
						"1.5": [
							0,
							0,
							0
						]
					}
				}
			}
		}
	}
}