{
	"format_version": "1.8.0",
	"animations": {
		"animation.general.stand": {
			"loop": true,
			"override_previous_animation": true,
			"timeline": {
				"0.0": "v.overlay_color = v.transparent;"
			}
		},
		"animation.general.hit": {
			"loop": true,
			"animation_length": 1,
			"override_previous_animation": true,
			"bones": {
				"waist": {
					"rotation": {
						"0.0": [0, 0, 0],
						"0.1667": [5, 0, 0],
						"0.5": [0, 0, 0]
					}
				},
				"head": {
					"rotation": {
						"0.0": [0, 0, 0],
						"0.1667": [17.5, 0, 0],
						"0.5": [0, 0, 0]
					}
				},
				"leftArm": {
					"rotation": {
						"0.0": [0, 0, 0],
						"0.1667": [2.5, 0, 0],
						"0.5": [0, 0, 0]
					}
				},
				"rightArm": {
					"rotation": {
						"0.0": [0, 0, 0],
						"0.1667": [-2.5, 0, 0],
						"0.5": [0, 0, 0]
					}
				},
				"body": {
					"rotation": {
						"0.0": [0, 0, 0],
						"0.1667": [10, 0, 0],
						"0.5": [0, 0, 0]
					}
				},
				"leftForearm": {
					"rotation": {
						"0.0": [0, 0, 0],
						"0.1667": [-32.5, 0, 0],
						"0.5": [0, 0, 0]
					}
				},
				"rightForearm": {
					"rotation": {
						"0.0": [0, 0, 0],
						"0.1667": [-27.5, 0, 0],
						"0.5": [0, 0, 0]
					}
				},
				"rightLeg": {
					"rotation": {
						"0.0": [0, 0, 0],
						"0.1667": [7.5, 0, 0],
						"0.5": [0, 0, 0]
					}
				},
				"rightShank": {
					"rotation": {
						"0.0": [0, 0, 0],
						"0.1667": [10, 0, 0],
						"0.5": [0, 0, 0]
					}
				},
				"leftLeg": {
					"rotation": {
						"0.0": [0, 0, 0],
						"0.1667": [-15, 0, 0],
						"0.5": [0, 0, 0]
					}
				},
				"leftShank": {
					"rotation": {
						"0.0": [0, 0, 0],
						"0.1667": [15, 0, 0],
						"0.5": [0, 0, 0]
					}
				}
			},
			"timeline": {
				"0.0": "v.overlay_color = v.transparent;"
			}
		},
		"animation.general.parried.right": {
			"loop": "hold_on_last_frame",
			"animation_length": 2,
			"override_previous_animation": true,
			"bones": {
				"waist": {
					"rotation": {
						"0.25": [0, -15, 0],
						"0.375": [15, 70, 0],
						"0.5417": [32.5, 70, 0],
						"0.7917": [10.91, 50.91, 0],
						"1.125": [0, 0, 0]
					}
				},
				"leftArm": {
					"rotation": {
						"0.25": [-39.10406, 18.17696, 20.99692],
						"0.2917": [-35.29785, 24.57425, 30.48468],
						"0.3333": [-36.21223, 20.91474, 26.34723],
						"0.375": [-42.25489, 5.05904, 5.54401],
						"0.4167": [-32.94098, 28.53623, 36.40051],
						"0.5417": [-36.01619, 24.28484, 29.49826],
						"0.7917": [-26.2, 17.66, 21.45],
						"1.125": [0, 0, 0]
					},
					"position": [-1, 0, 0]
				},
				"rightArm": {
					"rotation": {
						"0.2083": [-40.44444, -16.94367, -25.62019],
						"0.25": [-45, 0, 0],
						"0.2917": [-28.82257, -12.67441, -26.82528],
						"0.3333": [-29.76371, -8.6144, -32.12465],
						"0.4167": [-47.42514, -4.15472, -33.85528],
						"0.5417": [-33.98526, 0.96022, -43.23221],
						"0.7917": [-24.72, 0.7, -31.44],
						"1.125": [0, 0, 0]
					},
					"position": [1, 0, 0]
				},
				"rightItem": {
					"rotation": {
						"0.25": [20, 0, 0],
						"0.375": [12.5, 0, 0],
						"0.4583": [20.9936, 21.93857, 5.123],
						"0.5833": [28.4936, 21.93857, 5.123],
						"0.7917": [28.49, 21.94, 5.12],
						"0.875": [28.4936, 21.93857, 5.123],
						"1.125": [0, 0, 0]
					}
				},
				"leftLeg": {
					"rotation": {
						"0.25": [0, -15, 0],
						"0.375": [-42.5122, 55.68422, -32.23543],
						"0.5833": [-78.01028, 55.68422, -32.23543],
						"0.7917": [-0.00241, 59.99576, -0.00847],
						"0.875": [-27.5122, 55.68422, -32.23543],
						"0.9583": [-8.59057, 40.05524, -5.92088],
						"1.125": [0, 0, 0]
					},
					"position": {
						"0.25": [0, 0, 1],
						"0.375": [-2, 0, -2],
						"0.5833": [-2, 0, -2],
						"0.7917": [-2, 0, -2],
						"0.875": [-2, 0, -2],
						"1.125": [0, 0, 0]
					}
				},
				"rightLeg": {
					"rotation": {
						"0.25": [0, -15, 0],
						"0.2917": [-21.97248, 14.44957, 18.21767],
						"0.375": [9.23958, 58.52505, 19.4254],
						"0.5833": [16.73958, 58.52505, 19.4254],
						"0.7917": [16.74, 58.53, 19.43],
						"0.875": [16.73958, 58.52505, 19.4254],
						"0.9583": [-21.34028, 39.0167, 12.95027],
						"1.125": [0, 0, 0]
					},
					"position": {
						"0.25": [0, 0, -1],
						"0.375": [1, 0, 2],
						"0.5833": [1, 0, 2],
						"0.7917": [1, 0, 2],
						"0.875": [1, 0, 2],
						"1.125": [0, 0, 0]
					}
				},
				"root": {
					"rotation": {
						"0.25": [0, 0, 0],
						"0.5417": [0, 72.5, 0],
						"0.7917": [0, 153.18, 0],
						"1.125": [0, 360, 0]
					}
				},
				"leftForearm": {
					"rotation": [-22.5, 0, 0]
				},
				"rightForearm": {
					"rotation": [-32.5, 0, 0]
				},
				"rightShank": {
					"rotation": {
						"0.25": [0, 0, 0],
						"0.2917": [35, 0, 0],
						"0.375": [10, 0, 0],
						"0.7917": [10, 0, 0],
						"0.9583": [65, 0, 0],
						"1.125": [0, 0, 0]
					}
				},
				"head": {
					"rotation": {
						"0.25": [0, 0, 0],
						"0.5": [5, 0, 0],
						"1.125": [5, 0, 0]
					}
				},
				"leftShank": {
					"rotation": {
						"0.25": [0, 0, 0],
						"0.4167": [60, 0, 0],
						"0.5833": [60, 0, 0],
						"0.7917": [5, 0, 0]
					}
				}
			},
			"sound_effects": {
				"0.0": {
					"effect": "weapon.parry"
				}
			},
			"timeline": {
				"0.0": "v.overlay_color = v.transparent;"
			}
		},
		"animation.general.fell": {
			"loop": "hold_on_last_frame",
			"animation_length": 1.75,
			"override_previous_animation": true,
			"bones": {
				"waist": {
					"rotation": {
						"0.0": [-5, 0, 0],
						"0.25": [-90, 0, 0],
						"0.75": [-90, 0, 0]
					}
				},
				"body": {
					"position": {
						"0.0": [0, 0, 0],
						"0.25": [0, 0, 10],
						"0.75": [0, 0, 10]
					}
				},
				"head": {
					"rotation": {
						"0.0": [0, 0, 0],
						"0.25": [17.5, 0, 0],
						"0.75": [17.5, 0, 0]
					}
				},
				"leftArm": {
					"rotation": {
						"0.0": [-67.5, 0, 0],
						"0.25": [-42.5, 0, 0],
						"0.375": [-4.56615, -42.30053, -83.23267],
						"0.75": [-4.57, -42.3, -83.23]
					}
				},
				"rightArm": {
					"rotation": {
						"0.0": [-65, 0, 0],
						"0.25": [-40, 0, 0],
						"0.375": [0, 40, 90],
						"0.75": [0, 40, 90]
					}
				},
				"leftLeg": {
					"rotation": {
						"0.0": [-50, 0, 0],
						"0.25": [-135, 0, 0],
						"0.375": [-152.5, 0, 0],
						"0.5": [-152.5, 0, 0],
						"0.625": [-152.5, 0, 0],
						"0.75": [-90, 0, 0]
					},
					"position": {
						"0.0": [0, 0, 0],
						"0.125": [0, -4, 3],
						"0.25": [0, -10, 0],
						"0.75": [0, -10, 0]
					}
				},
				"rightLeg": {
					"rotation": {
						"0.0": [-37.5, 0, 0],
						"0.25": [-120, 0, 0],
						"0.375": [-145, 0, 0],
						"0.5": [-145, 0, 0],
						"0.625": [-145, 0, 0],
						"0.75": [-90, 0, 0]
					},
					"position": {
						"0.0": [0, 0, 0],
						"0.125": [0, -4, 4],
						"0.25": [0, -10, 0],
						"0.75": [0, -10, 0]
					}
				},
				"rightItem": {
					"scale": 0
				}
			}
		},
		"animation.general.fell.onGround": {
			"loop": "hold_on_last_frame",
			"override_previous_animation": true,
			"bones": {
				"waist": {
					"rotation": [-90, 0, 0]
				},
				"body": {
					"position": [0, 0, 10]
				},
				"head": {
					"rotation": [17.5, 0, 0]
				},
				"leftArm": {
					"rotation": [-4.57, -42.3, -83.23]
				},
				"rightArm": {
					"rotation": [0, 40, 90]
				},
				"leftLeg": {
					"rotation": [-90, 0, 0],
					"position": [0, -10, 0]
				},
				"rightLeg": {
					"rotation": [-90, 0, 0],
					"position": [0, -10, 0]
				},
				"rightItem": {
					"scale": 0
				}
			}
		},
		"animation.general.blocked": {
			"loop": "hold_on_last_frame",
			"override_previous_animation": true
		},
		"animation.weapon.light_saber.dash": {
			"animation_length": 1,
			"override_previous_animation": true,
			"bones": {
				"root": {
					"rotation": {
						"0.0": [0, 0, 0],
						"0.1667": [24.79497, 44.78536, 10.10151],
						"0.3333": [24.79497, 44.78536, 10.10151],
						"0.5417": [0, -7.5, 0],