{
	"format_version": "1.8.0",
	"animations": {
		"animation.posture.right.stand": {
			"loop": true,
			"bones": {
				"root": {
					"rotation": [0, 50, 0],
					"position": [0, -0.8, 0]
				},
				"rightLeg": {
					"rotation": [-17.50964, -0.2063, 15.07005]
				},
				"rightShank": {
					"rotation": [27.5, 0, 0]
				},
				"leftLeg": {
					"rotation": [-19.60105, -25.97807, -12.79623],
					"position": [0, 0, 0]
				},
				"leftShank": {
					"rotation": [27.5, 0, 0]
				}
			}
		},
		"animation.posture.right.walk_front": {
			"loop": true,
			"animation_length": 1.5,
			"anim_time_update": "math.mod(q.modified_distance_moved, 12) * 0.125",
			"bones": {
				"root": {
					"rotation": {
						"0.0": [0, 50, 0],
						"0.0833": [0, 50, 0],
						"0.1667": [0, 50, 0],
						"0.25": [0, 50, 0],
						"0.3333": [0, 50, 0],
						"0.4167": [0, 50, 0],
						"0.5": [0, 50, 0],
						"0.5833": [0, 50, 0],
						"0.6667": [0, 50, 0],
						"0.75": [0, 50, 0],
						"0.8333": [0, 50, 0],
						"0.9167": [0, 50, 0],
						"1.0": [0, 50, 0],
						"1.0833": [0, 50, 0],
						"1.1667": [0, 50, 0],
						"1.25": [0, 50, 0],
						"1.3333": [0, 50, 0],
						"1.4167": [0, 50, 0],
						"1.5": [0, 50, 0]
					},
					"position": {
						"0.0": [0, -0.8, 0],
						"0.0833": [0, -0.8, -0.26],
						"0.1667": [0, -0.8, -0.74],
						"0.25": [0, -0.8, -1],
						"0.3333": [0, -0.8, -0.93],
						"0.4167": [0, -0.8, -0.74],
						"0.5": [0, -0.8, -0.5],
						"0.5833": [0, -0.8, -0.26],
						"0.6667": [0, -0.8, -0.07],
						"0.75": [0, -0.8, 0],
						"0.8333": [0, -0.8, -0.26],
						"0.9167": [0, -0.8, -0.74],
						"1.0": [0, -0.8, -1],
						"1.0833": [0, -0.8, -0.93],
						"1.1667": [0, -0.8, -0.74],
						"1.25": [0, -0.8, -0.5],
						"1.3333": [0, -0.8, -0.26],
						"1.4167": [0, -0.8, -0.07],
						"1.5": [0, -0.8, 0]
					}
				},
				"rightLeg": {
					"rotation": {
						"0.0": [-17.51, -0.21, 15.07],
						"0.0833": [-15.87, -0.92, 18.2],
						"0.1667": [-14.65, -1.44, 20.37],
						"0.25": [-16.38, -1.88, 19.06],
						"0.3333": [-24.05, -2.46, 11.79],
						"0.4167": [-34.67, -2.97, 1.05],
						"0.5": [-41.67, -2.83, -8.18],
						"0.5833": [-41.49, -1.57, -14.7],
						"0.6667": [-37.71, 0.32, -19.71],
						"0.75": [-34.47, 2.03, -21.83],
						"0.8333": [-33.64, 3.41, -19.63],
						"0.9167": [-33.35, 4.6, -14.53],
						"1.0": [-32.23, 5.21, -9.49],
						"1.0833": [-29.36, 4.97, -5.54],
						"1.1667": [-25.66, 4.14, -1.65],
						"1.25": [-22.48, 3.16, 2.35],
						"1.3333": [-20.33, 2.07, 6.85],
						"1.4167": [-18.7, 0.84, 11.44],
						"1.5": [-17.51, -0.21, 15.07]
					}
				},
				"rightShank": {
					"rotation": {
						"0.0": [27.5, 0, 0],
						"0.0833": [26.76, 0, 0],
						"0.1667": [26.3, 0, 0],
						"0.25": [27.5, 0, 0],
						"0.3333": [32.96, 0, 0],
						"0.4167": [40.09, 0, 0],
						"0.5": [42.5, 0, 0],
						"0.5833": [34.91, 0, 0],
						"0.6667": [22.59, 0, 0],
						"0.75": [15, 0, 0],
						"0.8333": [17.41, 0, 0],
						"0.9167": [24.54, 0, 0],
						"1.0": [30, 0, 0],
						"1.0833": [31.2, 0, 0],
						"1.1667": [30.74, 0, 0],
						"1.25": [30, 0, 0],
						"1.3333": [29.26, 0, 0],
						"1.4167": [28.24, 0, 0],
						"1.5": [27.5, 0, 0]
					}
				},
				"leftLeg": {
					"rotation": {
						"0.0": [-19.6, -25.98, -12.8],
						"0.0833": [-20.21, -29.04, -12.51],
						"0.1667": [-21.55, -33.49, -12.41],
						"0.25": [-20.81, -36.27, -11.75],
						"0.3333": [-16.34, -35.49, -10.11],
						"0.4167": [-9.78, -33.03, -7.92],
						"0.5": [-3.37, -31.54, -5.64],
						"0.5833": [2.65, -32.06, -2.85],
						"0.6667": [8.54, -33.54, 0.03],
						"0.75": [12.87, -35.48, 1.26],
						"0.8333": [16.22, -38.73, -0.25],
						"0.9167": [18.02, -42.43, -3.39],
						"1.0": [15.11, -43.53, -6.65],
						"1.0833": [3.21, -39.64, -9.97],
						"1.1667": [-13.39, -33.15, -13.41],
						"1.25": [-24.95, -28.12, -15.55],
						"1.3333": [-26.29, -25.97, -15.43],
						"1.4167": [-22.58, -25.28, -14.02],
						"1.5": [-19.6, -25.98, -12.8]
					},
					"position": {
						"0.0": [0, 0, 0],
						"0.0833": [0, 0, 0],
						"0.1667": [0, 0, 0],
						"0.25": [0, 0, 0],
						"0.3333": [0, 0, 0],
						"0.4167": [0, 0, 0],
						"0.5": [0, 0, 0],
						"0.5833": [0, 0, 0],
						"0.6667": [0, 0, 0],
						"0.75": [0, 0, 0],
						"0.8333": [0, 0, 0],
						"0.9167": [0, 0, 0],
						"1.0": [0, 0, 0],
						"1.0833": [0, 0, 0],
						"1.1667": [0, 0, 0],
						"1.25": [0, 0, 0],
						"1.3333": [0, 0, 0],
						"1.4167": [0, 0, 0],
						"1.5": [0, 0, 0]
					}
				},
				"leftShank": {
					"rotation": {
						"0.0": [27.5, 0, 0],
						"0.0833": [31.17, 0, 0],
						"0.1667": [37.62, 0, 0],
						"0.25": [42.5, 0, 0],
						"0.3333": [44.2, 0, 0],
						"0.4167": [44.32, 0, 0],
						"0.5": [43.33, 0, 0],
						"0.5833": [40.74, 0, 0],
						"0.6667": [37.04, 0, 0],
						"0.75": [34.17, 0, 0],
						"0.8333": [32.81, 0, 0],
						"0.9167": [32.29, 0, 0],
						"1.0": [32.5, 0, 0],
						"1.0833": [34.23, 0, 0],
						"1.1667": [36.7, 0, 0],
						"1.25": [37.5, 0, 0],
						"1.3333": [34.35, 0, 0],
						"1.4167": [29.54, 0, 0],
						"1.5": [27.5, 0, 0]
					}
				}
			}
		},
		"animation.posture.right.faceto": {
			"loop": true,
			"timeline": {
				"0.0": "v.posture = 1;"
			}
		},
		"animation.posture.clear": {
			"loop": true,
			"timeline": {
				"0.0": "v.posture = 0;"
			}
		}
	}
}