{
	"format_version": "1.8.0",
	"animations": {
		"animation.posture.right.stand": {
			"loop": true,
			"bones": {
				"root": {
					"rotation": [0, 60, 0],
					"position": [0, -0.8, 0]
				},
				"rightLeg": {
					"rotation": [-20, 0, 15]
				},
				"rightShank": {
					"rotation": [27.5, 0, 0]
				},
				"leftLeg": {
					"rotation": [-17.20618, -27.55786, -18.11016],
					"position": [0, 0, 0]
				},
				"leftShank": {
					"rotation": [27.5, 0, 0]
				}
			}
		},
		"animation.posture.right.walk_front": {
			"loop": true,
			"animation_length": 1.5,
			"anim_time_update": "math.mod(q.modified_distance_moved, 12) * 0.125",
			"bones": {
				"root": {
					"rotation": {
						"0.0": [0, 60, 0],
						"1.5": [0, 60, 0]
					},
					"position": {
						"0.0": [0, -0.8, 0],
						"0.25": [0, -0.8, -1],
						"0.75": [0, -0.8, 0],
						"1.0": [0, -0.8, -1],
						"1.5": [0, -0.8, 0]
					}
				},
				"rightLeg": {
					"rotation": {
						"0.0": [-20, 0, 15],
						"0.25": [-16.44001, -1.1729, 21.46106],
						"0.5": [-47.68392, 14.90835, -5.30179],
						"0.75": [-39.47113, 2.03418, -21.83389],
						"1.0": [-32.2342, 5.21388, -9.4903],
						"1.25": [-22.47983, 3.16203, 2.34752],
						"1.5": [-20, 0, 15]
					}
				},
				"rightShank": {
					"rotation": {
						"0.0": [27.5, 0, 0],
						"0.25": [27.5, 0, 0],
						"0.5": [42.5, 0, 0],
						"0.75": [15, 0, 0],
						"1.0": [30, 0, 0],
						"1.25": [30, 0, 0],
						"1.5": [27.5, 0, 0]
					}
				},
				"leftLeg": {
					"rotation": {
						"0.0": [-17.20618, -27.55786, -18.11016],
						"0.25": [-19.06311, -37.12311, -14.67841],
						"0.5": [-3.36774, -31.54186, -5.63563],
						"0.75": [16.23902, -34.22545, -4.64078],
						"1.0": [17.36659, -42.82921, -9.9416],
						"1.25": [-16.53122, -33.47775, -31.88624],
						"1.5": [-17.20618, -27.55786, -18.11016]
					},
					"position": {
						"0.0": [0, 0, 0],
						"0.25": [0, 0, 0],
						"1.5": [0, 0, 0]
					}
				},
				"leftShank": {
					"rotation": {
						"0.0": [27.5, 0, 0],
						"0.25": [42.5, 0, 0],
						"0.5": [43.33, 0, 0],
						"0.75": [34.17, 0, 0],
						"1.0": [32.5, 0, 0],
						"1.25": [37.5, 0, 0],
						"1.5": [27.5, 0, 0]
					}
				}
			}
		},
		"animation.posture.right.faceto": {
			"loop": true,
			"timeline": {
				"0.0": "v.posture = 1;"
			}
		},
		"animation.posture.clear": {
			"loop": true,
			"timeline": {
				"0.0": "v.posture = 0;"
			}
		}
	}
}