{
	"format_version": "1.8.0",
	"animations": {
		"animation.posture.right.stand": {
			"loop": true,
			"bones": {
				"root": {
					"rotation": [0, 60, 0],
					"position": [0, -0.8, 0]
				},
				"rightLeg": {
					"rotation": [-20, 0, 15]
				},
				"rightShank": {
					"rotation": [27.5, 0, 0]
				},
				"leftLeg": {
					"rotation": [-21.24136, -58.84394, -5.42613],
					"position": [0, 0, 0]
				},
				"leftShank": {
					"rotation": [27.5, 0, 0]
				}
			}
		},
		"animation.posture.right.walk_front": {
			"loop": true,
			"animation_length": 1.5,
			"anim_time_update": "math.mod(q.modified_distance_moved, 12) * 0.125",
			"bones": {
				"root": {
					"rotation": {
						"0.0": [0, 60, 0],
						"1.5": [0, 60, 0]
					},
					"position": {
						"0.0": [0, -0.8, 0],
						"0.25": [0, -0.8, -1],
						"0.75": [0, -0.8, 0],
						"1.0": [0, -0.8, -1],
						"1.5": [0, -0.8, 0]
					}
				},
				"rightLeg": {
					"rotation": {
						"0.0": [-20, 0, 15],
						"0.25": [-16.44001, -1.1729, 21.46106],
						"0.5": [-55.18392, 14.90835, -5.30179],
						"0.75": [-39.47113, 2.03418, -21.83389],
						"1.0": [-24.7342, 5.21388, -9.4903],
						"1.25": [-22.47983, 3.16203, 2.34752],
						"1.5": [-20, 0, 15]
					}
				},
				"rightShank": {
					"rotation": {
						"0.0": [27.5, 0, 0],
						"0.25": [27.5, 0, 0],
						"0.5": [55, 0, 0],
						"0.75": [15, 0, 0],
						"1.0": [35, 0, 0],
						"1.25": [45, 0, 0],
						"1.5": [27.5, 0, 0]
					}
				},
				"leftLeg": {
					"rotation": {
						"0.0": [-21.24136, -58.84394, -5.42613],
						"0.25": [-29.23549, -57.77754, -1.12171],
						"0.5": [-13.76273, -58.57837, 1.77004],
						"0.75": [13.79947, -55.48032, -1.857],
						"1.0": [21.55295, -57.59827, 4.97919],
						"1.25": [-24.79245, -63.44854, -1.37537],
						"1.5": [-21.24136, -58.84394, -5.42613]
					},
					"position": {
						"0.0": [0, 0, 0],
						"0.25": [0, 0, 0],
						"1.5": [0, 0, 0]
					}
				},
				"leftShank": {
					"rotation": {
						"0.0": [27.5, 0, 0],
						"0.25": [42.5, 0, 0],
						"0.5": [43.33, 0, 0],
						"1.0": [15, 0, 0],
						"1.25": [67.5, 0, 0],
						"1.5": [27.5, 0, 0]
					}
				}
			}
		},
		"animation.posture.right.faceto": {
			"loop": true,
			"timeline": {
				"0.0": "v.posture = 1;"
			}
		},
		"animation.posture.clear": {
			"loop": true,
			"timeline": {
				"0.0": "v.posture = 0;"
			}
		}
	}
}