{
	"format_version": "1.8.0",
	"animations": {
		"animation.player.attack.katana1": {
			"animation_length": 1,
			"bones": {
				"Kroot": {
					"rotation": {
						"0.0": [
							0,
							70,
							0
						],
						"0.25": [
							0,
							70,
							0
						],
						"0.35": {
							"pre": [
								0,
								12.5,
								0
							],
							"post": [
								0,
								12.5,
								0
							],
							"lerp_mode": "catmullrom"
						},
						"0.5": {
							"post": [
								0,
								12.5,
								0
							],
							"lerp_mode": "catmullrom"
						},
						"1.0": [
							0,
							70,
							0
						]
					},
					"position": {
						"0.0": [
							0,
							-0.5,
							0
						],
						"0.1333": [
							0,
							-0.03,
							-1.6
						],
						"0.25": [
							0,
							-1.5,
							-3
						],
						"0.35": {
							"pre": [
								-0.5,
								-2.5,
								-4
							],
							"post": [
								-0.5,
								-2.5,
								-4
							],
							"lerp_mode": "catmullrom"
						},
						"0.5": {
							"post": [
								-0.5,
								-2.5,
								-4
							],
							"lerp_mode": "catmullrom"
						},
						"0.75": {
							"post": [
								-0.25,
								-0.5,
								-1
							],
							"lerp_mode": "catmullrom"
						},
						"1.0": [
							0,
							-0.5,
							0
						]
					}
				},
				"body0": {
					"rotation": {
						"0.0": [
							0,
							-22.5,
							0
						],
						"0.1333": [
							-8.4375,
							-17.5,
							0
						],
						"0.25": [
							2.40486,
							-7.50911,
							0.43774
						],
						"0.35": {
							"pre": [
								2.82678,
								-32.48404,
								-0.76684
							],
							"post": [
								2.82678,
								-32.48404,
								-0.76684
							],
							"lerp_mode": "catmullrom"
						},
						"0.5": {
							"post": [
								2.82678,
								-32.48404,
								-0.76684
							],
							"lerp_mode": "catmullrom"
						},
						"1.0": [
							0,
							-22.5,
							0
						]
					},
					"position": {
						"0.0": [
							0,
							0,
							0
						],
						"1.0": [
							0,
							0,
							0
						]
					}
				},
				"Kbody": {
					"rotation": {
						"0.0": [
							0,
							-10,
							0
						],
						"0.1333": [
							7.8125,
							-10,
							0
						],
						"0.25": [
							-3.36953,
							-9.74384,
							5.06853
						],
						"0.35": {
							"pre": [
								20,
								-10,
								0
							],
							"post": [
								20,
								-10,
								0
							],
							"lerp_mode": "catmullrom"
						},
						"0.5": {
							"post": [
								17.5,
								-10,
								0
							],
							"lerp_mode": "catmullrom"
						},
						"1.0": [
							0,
							-10,
							0
						]
					},
					"position": {
						"0.0": [
							0,
							0,
							0
						],
						"0.35": {
							"pre": [
								0,
								0,
								0
							],
							"post": [
								0,
								0,
								0
							],
							"lerp_mode": "catmullrom"
						},
						"0.5": {
							"post": [
								0,
								0,
								0
							],
							"lerp_mode": "catmullrom"
						},
						"1.0": [
							0,
							0,
							0
						]
					}
				},
				"head": {
					"rotation": {
						"0.0": [
							0,
							-30,
							0
						],
						"0.1333": [
							-7.7381,
							-30,
							0
						],
						"0.25": [
							8.15934,
							-30,
							0
						],
						"0.35": {
							"pre": [
								18.88941,
								-29.42922,
								-2.80257
							],
							"post": [
								18.88941,
								-29.42922,
								-2.80257
							],
							"lerp_mode": "catmullrom"
						},
						"0.5": {
							"post": [
								18.88941,
								-29.42922,
								-2.80257
							],
							"lerp_mode": "catmullrom"
						},
						"1.0": [
							0,
							-30,
							0
						]
					}
				},
				"hat": {
					"rotation": {
						"0.0": [
							0,
							0,
							0
						],
						"1.0": [
							0,
							0,
							0
						]
					}
				},
				"RightArmUp": {
					"rotation": {
						"0.0": [
							-20.06698,
							-44.50907,
							1.11519
						],
						"0.05": [
							-66.59106,
							-26.62229,
							17.69047
						],
						"0.1": [
							-102.55248,
							-28.02099,
							23.05459
						],
						"0.25": [
							-78.46509,
							-40.30484,
							20.24439
						],
						"0.35": {
							"pre": [
								-96.98904,
								-60.94543,
								51.77831
							],
							"post": [
								-96.98904,
								-60.94543,
								51.77831
							],
							"lerp_mode": "catmullrom"
						},
						"0.5": {
							"post": [
								-96.98904,
								-60.94543,
								51.77831
							],
							"lerp_mode": "catmullrom"
						},
						"1.0": [
							-20.06698,
							-44.50907,
							1.11519
						]
					},
					"position": {
						"0.0": [
							2.04832,
							0.18278,
							-2.25323
						],
						"0.1": [
							2.72559,
							0.24426,
							-2.98447
						],
						"0.25": [
							4.6159,
							-0.70974,
							-2.73286
						],
						"0.35": {
							"pre": [
								3.73551,
								-1.73198,
								-2.31379
							],
							"post": [
								3.73551,
								-1.73198,
								-2.31379
							],
							"lerp_mode": "catmullrom"
						},
						"0.5": {
							"post": [
								3.73551,
								-1.73198,
								-2.31379
							],
							"lerp_mode": "catmullrom"
						},
						"1.0": [
							2.04832,
							0.18278,
							-2.25323
						]
					}
				},
				"RightArmDown": {
					"rotation": {
						"0.0": [
							-26.80179,
							-1.39583,
							-13.20725
						],
						"0.05": [
							-29.31454,
							-13.5718,
							-7.42309
						],
						"0.1": [
							-8.02831,
							-33.06297,
							-19.56647
						],
						"0.25": [
							-24.39638,
							8.24975,
							-20.46552
						],
						"0.35": {
							"pre": [
								-41.47375,
								-41.49061,
								-25.07369
							],
							"post": [
								-41.47375,
								-41.49061,
								-25.07369
							],
							"lerp_mode": "catmullrom"
						},
						"0.5": {
							"post": [
								-41.47375,
								-41.49061,
								-25.07369
							],
							"lerp_mode": "catmullrom"
						},
						"1.0": [
							-26.80179,
							-1.39583,
							-13.20725
						]
					}
				},
				"rightItem": {
					"rotation": [
						14.89088,
						-2.49762,
						10.00238
					],
					"position": [
						0.0485,
						0.16797,
						-0.1787
					],
					"scale": 0
				},
				"LeftArmUp": {
					"rotation": {
						"0.0": [
							-23.52134,
							-6.90367,
							-12.62268
						],
						"0.1": [
							-34.04271,
							-43.19211,
							-29.69414
						],
						"0.25": [
							-92.68842,
							-24.86758,
							-2.15166
						],
						"0.35": {
							"pre": [
								24.2663,
								-6.25764,
								-48.43581
							],
							"post": [
								24.2663,
								-6.25764,
								-48.43581
							],
							"lerp_mode": "catmullrom"
						},
						"0.5": {
							"post": [
								24.2663,
								-6.25764,
								-48.43581
							],
							"lerp_mode": "catmullrom"
						},
						"1.0": [
							-23.52134,
							-6.90367,
							-12.62268
						]
					},
					"position": {
						"0.0": [
							-3.03692,
							-0.99845,
							-1.01262
						],
						"0.1": [
							-3.04,
							-1,
							-1.01
						],
						"0.25": [
							-2.17355,
							-0.95635,
							-0.51265
						],
						"0.5": [
							-2.46,
							-0.97,
							-0.68
						],
						"1.0": [
							-3.03692,
							-0.99845,
							-1.01262
						]
					}
				},
				"LeftArmDown": {
					"rotation": {
						"0.0": [
							-32.15612,
							-0.04442,
							67.5378
						],
						"0.1": [
							-131.84064,
							-35.34569,
							157.93173
						],
						"0.1667": [
							-67.1126,
							-46.1455,
							54.76717
						],
						"0.25": [
							-1.42417,
							-7.79492,
							10.32176
						],
						"0.35": {
							"pre": [
								36.07583,
								-7.79492,
								10.32176
							],
							"post": [
								36.07583,
								-7.79492,
								10.32176
							],